{"cameraMode":{"drawMode":0,"name":"Shaded","section":"Shading Mode"},"sceneLighting":false,"audioPlay":false,"sceneViewState":{"m_AlwaysRefresh":false,"showFog":true,"showSkybox":false,"showFlares":true,"showImageEffects":true,"showParticleSystems":true,"showVisualEffectGraphs":true,"m_FxEnabled":true},"in2DMode":false,"pivot":{"x":12.695369720458985,"y":1.9604711532592774,"z":-27.79800033569336},"rotation":{"x":0.26435092091560366,"y":-0.09300978481769562,"z":0.02559649758040905,"w":0.9596433043479919},"size":2.637712001800537,"orthographic":false}